k,val_front,val_raw,test_selected,test_raw,algorithm,trial_id,suffix,act,audience,gram,reducer,stats_file,rank_mode
1,0.3705830589519686,0.3705830589519686,0.3610859414918076,0.3610859414918076,lr,L16_WD01_asinh_R18_128,false_false,asinh,patient,unigram,mean,BloodMNIST/L16_WD01_asinh_R18_128/best_modules_boost_0/asinh/best_modules_program_stats_bestsfalse_false.csv,interpretability_then_feature_importance
2,0.46909496116087285,0.46909496116087285,0.4542276084079118,0.4542276084079118,lr,L16_WD01_asinh_R18_128,false_false,asinh,patient,unigram,mean,BloodMNIST/L16_WD01_asinh_R18_128/best_modules_boost_0/asinh/best_modules_program_stats_bestsfalse_false.csv,interpretability_then_feature_importance
3,0.5891624767922254,0.5891624767922254,0.5750897271861227,0.5750897271861227,lr,L16_WD01_asinh_R18_128,false_false,asinh,patient,unigram,mean,BloodMNIST/L16_WD01_asinh_R18_128/best_modules_boost_0/asinh/best_modules_program_stats_bestsfalse_false.csv,interpretability_then_feature_importance
4,0.6452369829124505,0.6452369829124505,0.6309194728442649,0.6309194728442649,lr,L16_WD01_asinh_R18_128,false_false,asinh,patient,unigram,mean,BloodMNIST/L16_WD01_asinh_R18_128/best_modules_boost_0/asinh/best_modules_program_stats_bestsfalse_false.csv,interpretability_then_feature_importance
5,0.7526669060311423,0.7526669060311423,0.7274771924102291,0.7274771924102291,lr,L16_WD01_asinh_R18_128,false_false,asinh,patient,unigram,mean,BloodMNIST/L16_WD01_asinh_R18_128/best_modules_boost_0/asinh/best_modules_program_stats_bestsfalse_false.csv,interpretability_then_feature_importance
6,0.7641833211237099,0.7641833211237099,0.736169343641508,0.736169343641508,lr,L16_WD01_asinh_R18_128,false_false,asinh,patient,unigram,mean,BloodMNIST/L16_WD01_asinh_R18_128/best_modules_boost_0/asinh/best_modules_program_stats_bestsfalse_false.csv,interpretability_then_feature_importance
7,0.7694810862876384,0.7694810862876384,0.7419588203208508,0.7419588203208508,lr,L16_WD01_asinh_R18_128,false_false,asinh,patient,unigram,mean,BloodMNIST/L16_WD01_asinh_R18_128/best_modules_boost_0/asinh/best_modules_program_stats_bestsfalse_false.csv,interpretability_then_feature_importance
8,0.7694810862876384,0.7683723762078924,0.7419588203208508,0.7451993546843,lr,L16_WD01_asinh_R18_128,false_false,asinh,patient,unigram,mean,BloodMNIST/L16_WD01_asinh_R18_128/best_modules_boost_0/asinh/best_modules_program_stats_bestsfalse_false.csv,interpretability_then_feature_importance
9,0.7888944321909637,0.7888944321909637,0.7679680798117577,0.7679680798117577,lr,L16_WD01_asinh_R18_128,false_false,asinh,patient,unigram,mean,BloodMNIST/L16_WD01_asinh_R18_128/best_modules_boost_0/asinh/best_modules_program_stats_bestsfalse_false.csv,interpretability_then_feature_importance
10,0.8271859793922381,0.8271859793922381,0.787903802847587,0.787903802847587,lr,L16_WD01_asinh_R18_128,false_false,asinh,patient,unigram,mean,BloodMNIST/L16_WD01_asinh_R18_128/best_modules_boost_0/asinh/best_modules_program_stats_bestsfalse_false.csv,interpretability_then_feature_importance
11,0.8296749777989432,0.8296749777989432,0.7945632230907379,0.7945632230907379,lr,L16_WD01_asinh_R18_128,false_false,asinh,patient,unigram,mean,BloodMNIST/L16_WD01_asinh_R18_128/best_modules_boost_0/asinh/best_modules_program_stats_bestsfalse_false.csv,interpretability_then_feature_importance
12,0.8296749777989432,0.8269124914775958,0.7945632230907379,0.7947851311534068,lr,L16_WD01_asinh_R18_128,false_false,asinh,patient,unigram,mean,BloodMNIST/L16_WD01_asinh_R18_128/best_modules_boost_0/asinh/best_modules_program_stats_bestsfalse_false.csv,interpretability_then_feature_importance
13,0.831992384786617,0.831992384786617,0.7954699323012404,0.7954699323012404,lr,L16_WD01_asinh_R18_128,false_false,asinh,patient,unigram,mean,BloodMNIST/L16_WD01_asinh_R18_128/best_modules_boost_0/asinh/best_modules_program_stats_bestsfalse_false.csv,interpretability_then_feature_importance
14,0.8328397094153152,0.8328397094153152,0.7984705889795777,0.7984705889795777,lr,L16_WD01_asinh_R18_128,false_false,asinh,patient,unigram,mean,BloodMNIST/L16_WD01_asinh_R18_128/best_modules_boost_0/asinh/best_modules_program_stats_bestsfalse_false.csv,interpretability_then_feature_importance
15,0.838486536284379,0.838486536284379,0.8130317860906339,0.8130317860906339,lr,L16_WD01_asinh_R18_128,false_false,asinh,patient,unigram,mean,BloodMNIST/L16_WD01_asinh_R18_128/best_modules_boost_0/asinh/best_modules_program_stats_bestsfalse_false.csv,interpretability_then_feature_importance
16,0.8457803266285603,0.8457803266285603,0.8217019675528576,0.8217019675528576,lr,L16_WD01_asinh_R18_128,false_false,asinh,patient,unigram,mean,BloodMNIST/L16_WD01_asinh_R18_128/best_modules_boost_0/asinh/best_modules_program_stats_bestsfalse_false.csv,interpretability_then_feature_importance
17,0.8527351618729184,0.8527351618729184,0.8272989263521725,0.8272989263521725,lr,L16_WD01_asinh_R18_128,false_false,asinh,patient,unigram,mean,BloodMNIST/L16_WD01_asinh_R18_128/best_modules_boost_0/asinh/best_modules_program_stats_bestsfalse_false.csv,interpretability_then_feature_importance
18,0.8843197530108678,0.8843197530108678,0.8625092712671895,0.8625092712671895,lr,L16_WD01_asinh_R18_128,false_false,asinh,patient,unigram,mean,BloodMNIST/L16_WD01_asinh_R18_128/best_modules_boost_0/asinh/best_modules_program_stats_bestsfalse_false.csv,interpretability_then_feature_importance
19,0.8889997059874304,0.8889997059874304,0.8664118778893346,0.8664118778893346,lr,L16_WD01_asinh_R18_128,false_false,asinh,patient,unigram,mean,BloodMNIST/L16_WD01_asinh_R18_128/best_modules_boost_0/asinh/best_modules_program_stats_bestsfalse_false.csv,interpretability_then_feature_importance
20,0.8911688005807691,0.8911688005807691,0.8698427600890795,0.8698427600890795,lr,L16_WD01_asinh_R18_128,false_false,asinh,patient,unigram,mean,BloodMNIST/L16_WD01_asinh_R18_128/best_modules_boost_0/asinh/best_modules_program_stats_bestsfalse_false.csv,interpretability_then_feature_importance
21,0.894606024842366,0.894606024842366,0.8771841174261549,0.8771841174261549,lr,L16_WD01_asinh_R18_128,false_false,asinh,patient,unigram,mean,BloodMNIST/L16_WD01_asinh_R18_128/best_modules_boost_0/asinh/best_modules_program_stats_bestsfalse_false.csv,interpretability_then_feature_importance
22,0.9045608975564682,0.9045608975564682,0.8833949984175942,0.8833949984175942,lr,L16_WD01_asinh_R18_128,false_false,asinh,patient,unigram,mean,BloodMNIST/L16_WD01_asinh_R18_128/best_modules_boost_0/asinh/best_modules_program_stats_bestsfalse_false.csv,interpretability_then_feature_importance
23,0.90876525029813,0.90876525029813,0.8878219688092631,0.8878219688092631,lr,L16_WD01_asinh_R18_128,false_false,asinh,patient,unigram,mean,BloodMNIST/L16_WD01_asinh_R18_128/best_modules_boost_0/asinh/best_modules_program_stats_bestsfalse_false.csv,interpretability_then_feature_importance
24,0.90876525029813,0.9083342158153714,0.8878219688092631,0.8900639460152024,lr,L16_WD01_asinh_R18_128,false_false,asinh,patient,unigram,mean,BloodMNIST/L16_WD01_asinh_R18_128/best_modules_boost_0/asinh/best_modules_program_stats_bestsfalse_false.csv,interpretability_then_feature_importance
25,0.9092083416894973,0.9092083416894973,0.8909716530547112,0.8909716530547112,lr,L16_WD01_asinh_R18_128,false_false,asinh,patient,unigram,mean,BloodMNIST/L16_WD01_asinh_R18_128/best_modules_boost_0/asinh/best_modules_program_stats_bestsfalse_false.csv,interpretability_then_feature_importance
26,0.9127590330100648,0.9127590330100648,0.8997503857829872,0.8997503857829872,lr,L16_WD01_asinh_R18_128,false_false,asinh,patient,unigram,mean,BloodMNIST/L16_WD01_asinh_R18_128/best_modules_boost_0/asinh/best_modules_program_stats_bestsfalse_false.csv,interpretability_then_feature_importance
27,0.9169469979836932,0.9169469979836932,0.9085383183565622,0.9085383183565622,lr,L16_WD01_asinh_R18_128,false_false,asinh,patient,unigram,mean,BloodMNIST/L16_WD01_asinh_R18_128/best_modules_boost_0/asinh/best_modules_program_stats_bestsfalse_false.csv,interpretability_then_feature_importance
28,0.9228047555364124,0.9228047555364124,0.908230639975945,0.908230639975945,lr,L16_WD01_asinh_R18_128,false_false,asinh,patient,unigram,mean,BloodMNIST/L16_WD01_asinh_R18_128/best_modules_boost_0/asinh/best_modules_program_stats_bestsfalse_false.csv,interpretability_then_feature_importance
29,0.9228047555364124,0.9211309505839189,0.908230639975945,0.907452697096025,lr,L16_WD01_asinh_R18_128,false_false,asinh,patient,unigram,mean,BloodMNIST/L16_WD01_asinh_R18_128/best_modules_boost_0/asinh/best_modules_program_stats_bestsfalse_false.csv,interpretability_then_feature_importance
30,0.9228882946645891,0.9228882946645891,0.9063409569895164,0.9063409569895164,lr,L16_WD01_asinh_R18_128,false_false,asinh,patient,unigram,mean,BloodMNIST/L16_WD01_asinh_R18_128/best_modules_boost_0/asinh/best_modules_program_stats_bestsfalse_false.csv,interpretability_then_feature_importance
31,0.9228882946645891,0.9221007977591379,0.9063409569895164,0.910677189778494,lr,L16_WD01_asinh_R18_128,false_false,asinh,patient,unigram,mean,BloodMNIST/L16_WD01_asinh_R18_128/best_modules_boost_0/asinh/best_modules_program_stats_bestsfalse_false.csv,interpretability_then_feature_importance
32,0.9228882946645891,0.9221007977591379,0.9063409569895164,0.9098351196729735,lr,L16_WD01_asinh_R18_128,false_false,asinh,patient,unigram,mean,BloodMNIST/L16_WD01_asinh_R18_128/best_modules_boost_0/asinh/best_modules_program_stats_bestsfalse_false.csv,interpretability_then_feature_importance
33,0.9274042292152619,0.9274042292152619,0.9121452185480692,0.9121452185480692,lr,L16_WD01_asinh_R18_128,false_false,asinh,patient,unigram,mean,BloodMNIST/L16_WD01_asinh_R18_128/best_modules_boost_0/asinh/best_modules_program_stats_bestsfalse_false.csv,interpretability_then_feature_importance
34,0.9274042292152619,0.9273026932530702,0.9121452185480692,0.911885612988088,lr,L16_WD01_asinh_R18_128,false_false,asinh,patient,unigram,mean,BloodMNIST/L16_WD01_asinh_R18_128/best_modules_boost_0/asinh/best_modules_program_stats_bestsfalse_false.csv,interpretability_then_feature_importance
35,0.9274042292152619,0.9273026932530701,0.9121452185480692,0.9129936405404171,lr,L16_WD01_asinh_R18_128,false_false,asinh,patient,unigram,mean,BloodMNIST/L16_WD01_asinh_R18_128/best_modules_boost_0/asinh/best_modules_program_stats_bestsfalse_false.csv,interpretability_then_feature_importance
36,0.9274042292152619,0.926496241640167,0.9121452185480692,0.9122875422485381,lr,L16_WD01_asinh_R18_128,false_false,asinh,patient,unigram,mean,BloodMNIST/L16_WD01_asinh_R18_128/best_modules_boost_0/asinh/best_modules_program_stats_bestsfalse_false.csv,interpretability_then_feature_importance
37,0.9285786281176714,0.9285786281176714,0.9126740992783563,0.9126740992783563,lr,L16_WD01_asinh_R18_128,false_false,asinh,patient,unigram,mean,BloodMNIST/L16_WD01_asinh_R18_128/best_modules_boost_0/asinh/best_modules_program_stats_bestsfalse_false.csv,interpretability_then_feature_importance
38,0.9300289266355223,0.9300289266355223,0.9160296681537806,0.9160296681537806,lr,L16_WD01_asinh_R18_128,false_false,asinh,patient,unigram,mean,BloodMNIST/L16_WD01_asinh_R18_128/best_modules_boost_0/asinh/best_modules_program_stats_bestsfalse_false.csv,interpretability_then_feature_importance
39,0.9300289266355223,0.9291548007613963,0.9160296681537806,0.9160313160456123,lr,L16_WD01_asinh_R18_128,false_false,asinh,patient,unigram,mean,BloodMNIST/L16_WD01_asinh_R18_128/best_modules_boost_0/asinh/best_modules_program_stats_bestsfalse_false.csv,interpretability_then_feature_importance
40,0.9301914478339394,0.9301914478339394,0.9165675419952352,0.9165675419952352,lr,L16_WD01_asinh_R18_128,false_false,asinh,patient,unigram,mean,BloodMNIST/L16_WD01_asinh_R18_128/best_modules_boost_0/asinh/best_modules_program_stats_bestsfalse_false.csv,interpretability_then_feature_importance
41,0.9349404696839295,0.9349404696839295,0.9212270332417463,0.9212270332417463,lr,L16_WD01_asinh_R18_128,false_false,asinh,patient,unigram,mean,BloodMNIST/L16_WD01_asinh_R18_128/best_modules_boost_0/asinh/best_modules_program_stats_bestsfalse_false.csv,interpretability_then_feature_importance
42,0.9349404696839295,0.9347475132736255,0.9212270332417463,0.9214924212480566,lr,L16_WD01_asinh_R18_128,false_false,asinh,patient,unigram,mean,BloodMNIST/L16_WD01_asinh_R18_128/best_modules_boost_0/asinh/best_modules_program_stats_bestsfalse_false.csv,interpretability_then_feature_importance
43,0.9426883963647211,0.9426883963647211,0.9244667872275886,0.9244667872275886,lr,L16_WD01_asinh_R18_128,false_false,asinh,patient,unigram,mean,BloodMNIST/L16_WD01_asinh_R18_128/best_modules_boost_0/asinh/best_modules_program_stats_bestsfalse_false.csv,interpretability_then_feature_importance
44,0.9440580102016826,0.9440580102016826,0.9270177048393448,0.9270177048393448,lr,L16_WD01_asinh_R18_128,false_false,asinh,patient,unigram,mean,BloodMNIST/L16_WD01_asinh_R18_128/best_modules_boost_0/asinh/best_modules_program_stats_bestsfalse_false.csv,interpretability_then_feature_importance
45,0.9440580102016826,0.9415525297407894,0.9270177048393448,0.9285720036499935,lr,L16_WD01_asinh_R18_128,false_false,asinh,patient,unigram,mean,BloodMNIST/L16_WD01_asinh_R18_128/best_modules_boost_0/asinh/best_modules_program_stats_bestsfalse_false.csv,interpretability_then_feature_importance
46,0.9440580102016826,0.9428456331890653,0.9270177048393448,0.9253114536211846,lr,L16_WD01_asinh_R18_128,false_false,asinh,patient,unigram,mean,BloodMNIST/L16_WD01_asinh_R18_128/best_modules_boost_0/asinh/best_modules_program_stats_bestsfalse_false.csv,interpretability_then_feature_importance
47,0.9440580102016826,0.9413900085423723,0.9270177048393448,0.9252832518442784,lr,L16_WD01_asinh_R18_128,false_false,asinh,patient,unigram,mean,BloodMNIST/L16_WD01_asinh_R18_128/best_modules_boost_0/asinh/best_modules_program_stats_bestsfalse_false.csv,interpretability_then_feature_importance
48,0.9440580102016826,0.9421540097895492,0.9270177048393448,0.9282728000894239,lr,L16_WD01_asinh_R18_128,false_false,asinh,patient,unigram,mean,BloodMNIST/L16_WD01_asinh_R18_128/best_modules_boost_0/asinh/best_modules_program_stats_bestsfalse_false.csv,interpretability_then_feature_importance
49,0.9440580102016826,0.9412919408240319,0.9270177048393448,0.9280851124017362,lr,L16_WD01_asinh_R18_128,false_false,asinh,patient,unigram,mean,BloodMNIST/L16_WD01_asinh_R18_128/best_modules_boost_0/asinh/best_modules_program_stats_bestsfalse_false.csv,interpretability_then_feature_importance
50,0.9440580102016826,0.9425294269196938,0.9270177048393448,0.9334620199493223,lr,L16_WD01_asinh_R18_128,false_false,asinh,patient,unigram,mean,BloodMNIST/L16_WD01_asinh_R18_128/best_modules_boost_0/asinh/best_modules_program_stats_bestsfalse_false.csv,interpretability_then_feature_importance
51,0.9440580102016826,0.9416553010455679,0.9270177048393448,0.9362023732986638,lr,L16_WD01_asinh_R18_128,false_false,asinh,patient,unigram,mean,BloodMNIST/L16_WD01_asinh_R18_128/best_modules_boost_0/asinh/best_modules_program_stats_bestsfalse_false.csv,interpretability_then_feature_importance
52,0.9440580102016826,0.942461710903702,0.9270177048393448,0.934018392905076,lr,L16_WD01_asinh_R18_128,false_false,asinh,patient,unigram,mean,BloodMNIST/L16_WD01_asinh_R18_128/best_modules_boost_0/asinh/best_modules_program_stats_bestsfalse_false.csv,interpretability_then_feature_importance
53,0.9440580102016826,0.9416552592907987,0.9270177048393448,0.9335866139758877,lr,L16_WD01_asinh_R18_128,false_false,asinh,patient,unigram,mean,BloodMNIST/L16_WD01_asinh_R18_128/best_modules_boost_0/asinh/best_modules_program_stats_bestsfalse_false.csv,interpretability_then_feature_importance
54,0.9440580102016826,0.9438345455218091,0.9270177048393448,0.9395055261138279,lr,L16_WD01_asinh_R18_128,false_false,asinh,patient,unigram,mean,BloodMNIST/L16_WD01_asinh_R18_128/best_modules_boost_0/asinh/best_modules_program_stats_bestsfalse_false.csv,interpretability_then_feature_importance
55,0.9440580102016826,0.9438345455218091,0.9270177048393448,0.9395055261138279,lr,L16_WD01_asinh_R18_128,false_false,asinh,patient,unigram,mean,BloodMNIST/L16_WD01_asinh_R18_128/best_modules_boost_0/asinh/best_modules_program_stats_bestsfalse_false.csv,interpretability_then_feature_importance
56,0.9440580102016826,0.9432794803643422,0.9270177048393448,0.9371922076963938,lr,L16_WD01_asinh_R18_128,false_false,asinh,patient,unigram,mean,BloodMNIST/L16_WD01_asinh_R18_128/best_modules_boost_0/asinh/best_modules_program_stats_bestsfalse_false.csv,interpretability_then_feature_importance
57,0.9440580102016826,0.9427807298655915,0.9270177048393448,0.9393328088760874,lr,L16_WD01_asinh_R18_128,false_false,asinh,patient,unigram,mean,BloodMNIST/L16_WD01_asinh_R18_128/best_modules_boost_0/asinh/best_modules_program_stats_bestsfalse_false.csv,interpretability_then_feature_importance
58,0.9447230481024266,0.9447230481024266,0.9392982261510253,0.9392982261510253,lr,L16_WD01_asinh_R18_128,false_false,asinh,patient,unigram,mean,BloodMNIST/L16_WD01_asinh_R18_128/best_modules_boost_0/asinh/best_modules_program_stats_bestsfalse_false.csv,interpretability_then_feature_importance
59,0.9447230481024266,0.9446673889950432,0.9392982261510253,0.9390823366864312,lr,L16_WD01_asinh_R18_128,false_false,asinh,patient,unigram,mean,BloodMNIST/L16_WD01_asinh_R18_128/best_modules_boost_0/asinh/best_modules_program_stats_bestsfalse_false.csv,interpretability_then_feature_importance
60,0.9447230481024266,0.9442920136196679,0.9392982261510253,0.9392982261510253,lr,L16_WD01_asinh_R18_128,false_false,asinh,patient,unigram,mean,BloodMNIST/L16_WD01_asinh_R18_128/best_modules_boost_0/asinh/best_modules_program_stats_bestsfalse_false.csv,interpretability_then_feature_importance
61,0.9447230481024266,0.9441354741014262,0.9392982261510253,0.9395141156156194,lr,L16_WD01_asinh_R18_128,false_false,asinh,patient,unigram,mean,BloodMNIST/L16_WD01_asinh_R18_128/best_modules_boost_0/asinh/best_modules_program_stats_bestsfalse_false.csv,interpretability_then_feature_importance
62,0.9452781132598935,0.9452781132598935,0.9406908029231333,0.9406908029231333,lr,L16_WD01_asinh_R18_128,false_false,asinh,patient,unigram,mean,BloodMNIST/L16_WD01_asinh_R18_128/best_modules_boost_0/asinh/best_modules_program_stats_bestsfalse_false.csv,interpretability_then_feature_importance
63,0.9461522391340194,0.9461522391340194,0.9411642879186538,0.9411642879186538,lr,L16_WD01_asinh_R18_128,false_false,asinh,patient,unigram,mean,BloodMNIST/L16_WD01_asinh_R18_128/best_modules_boost_0/asinh/best_modules_program_stats_bestsfalse_false.csv,interpretability_then_feature_importance
64,0.9466284949202531,0.9466284949202531,0.9388506146728228,0.9388506146728228,lr,L16_WD01_asinh_R18_128,false_false,asinh,patient,unigram,mean,BloodMNIST/L16_WD01_asinh_R18_128/best_modules_boost_0/asinh/best_modules_program_stats_bestsfalse_false.csv,interpretability_then_feature_importance
65,0.9480841613217155,0.9480841613217155,0.9394240206194946,0.9394240206194946,lr,L16_WD01_asinh_R18_128,false_false,asinh,patient,unigram,mean,BloodMNIST/L16_WD01_asinh_R18_128/best_modules_boost_0/asinh/best_modules_program_stats_bestsfalse_false.csv,interpretability_then_feature_importance
66,0.9480841613217155,0.9480841613217155,0.9394240206194946,0.9395599924331363,lr,L16_WD01_asinh_R18_128,false_false,asinh,patient,unigram,mean,BloodMNIST/L16_WD01_asinh_R18_128/best_modules_boost_0/asinh/best_modules_program_stats_bestsfalse_false.csv,interpretability_then_feature_importance
67,0.949321605662608,0.949321605662608,0.9389540301056861,0.9389540301056861,lr,L16_WD01_asinh_R18_128,false_false,asinh,patient,unigram,mean,BloodMNIST/L16_WD01_asinh_R18_128/best_modules_boost_0/asinh/best_modules_program_stats_bestsfalse_false.csv,interpretability_then_feature_importance
68,0.949321605662608,0.9476531268389567,0.9389540301056861,0.9410387895470042,lr,L16_WD01_asinh_R18_128,false_false,asinh,patient,unigram,mean,BloodMNIST/L16_WD01_asinh_R18_128/best_modules_boost_0/asinh/best_modules_program_stats_bestsfalse_false.csv,interpretability_then_feature_importance
69,0.949321605662608,0.9467790009648309,0.9389540301056861,0.9402007267534936,lr,L16_WD01_asinh_R18_128,false_false,asinh,patient,unigram,mean,BloodMNIST/L16_WD01_asinh_R18_128/best_modules_boost_0/asinh/best_modules_program_stats_bestsfalse_false.csv,interpretability_then_feature_importance
70,0.949321605662608,0.9470091964244709,0.9389540301056861,0.942242321593019,lr,L16_WD01_asinh_R18_128,false_false,asinh,patient,unigram,mean,BloodMNIST/L16_WD01_asinh_R18_128/best_modules_boost_0/asinh/best_modules_program_stats_bestsfalse_false.csv,interpretability_then_feature_importance
71,0.949321605662608,0.9480773887871798,0.9389540301056861,0.9420390649535577,lr,L16_WD01_asinh_R18_128,false_false,asinh,patient,unigram,mean,BloodMNIST/L16_WD01_asinh_R18_128/best_modules_boost_0/asinh/best_modules_program_stats_bestsfalse_false.csv,interpretability_then_feature_importance
72,0.949321605662608,0.9486776752481221,0.9389540301056861,0.9437181662650173,lr,L16_WD01_asinh_R18_128,false_false,asinh,patient,unigram,mean,BloodMNIST/L16_WD01_asinh_R18_128/best_modules_boost_0/asinh/best_modules_program_stats_bestsfalse_false.csv,interpretability_then_feature_importance
73,0.949321605662608,0.9486776752481221,0.9389540301056861,0.9439841237118257,lr,L16_WD01_asinh_R18_128,false_false,asinh,patient,unigram,mean,BloodMNIST/L16_WD01_asinh_R18_128/best_modules_boost_0/asinh/best_modules_program_stats_bestsfalse_false.csv,interpretability_then_feature_importance
74,0.949321605662608,0.9486776752481221,0.9389540301056861,0.9439841237118257,lr,L16_WD01_asinh_R18_128,false_false,asinh,patient,unigram,mean,BloodMNIST/L16_WD01_asinh_R18_128/best_modules_boost_0/asinh/best_modules_program_stats_bestsfalse_false.csv,interpretability_then_feature_importance
75,0.9507651316459232,0.9507651316459232,0.9472695305614062,0.9472695305614062,lr,L16_WD01_asinh_R18_128,false_false,asinh,patient,unigram,mean,BloodMNIST/L16_WD01_asinh_R18_128/best_modules_boost_0/asinh/best_modules_program_stats_bestsfalse_false.csv,interpretability_then_feature_importance
76,0.9511961661286819,0.9511961661286819,0.94650689053227,0.94650689053227,lr,L16_WD01_asinh_R18_128,false_false,asinh,patient,unigram,mean,BloodMNIST/L16_WD01_asinh_R18_128/best_modules_boost_0/asinh/best_modules_program_stats_bestsfalse_false.csv,interpretability_then_feature_importance
77,0.9522275705819212,0.9522275705819212,0.9482694952960763,0.9482694952960763,lr,L16_WD01_asinh_R18_128,false_false,asinh,patient,unigram,mean,BloodMNIST/L16_WD01_asinh_R18_128/best_modules_boost_0/asinh/best_modules_program_stats_bestsfalse_false.csv,interpretability_then_feature_importance
78,0.9522275705819212,0.9522275705819212,0.9482694952960763,0.9488873140211205,lr,L16_WD01_asinh_R18_128,false_false,asinh,patient,unigram,mean,BloodMNIST/L16_WD01_asinh_R18_128/best_modules_boost_0/asinh/best_modules_program_stats_bestsfalse_false.csv,interpretability_then_feature_importance
79,0.9522275705819212,0.9522275705819212,0.9482694952960763,0.9491132132934285,lr,L16_WD01_asinh_R18_128,false_false,asinh,patient,unigram,mean,BloodMNIST/L16_WD01_asinh_R18_128/best_modules_boost_0/asinh/best_modules_program_stats_bestsfalse_false.csv,interpretability_then_feature_importance
80,0.9522275705819212,0.9522275705819212,0.9482694952960763,0.948163023760049,lr,L16_WD01_asinh_R18_128,false_false,asinh,patient,unigram,mean,BloodMNIST/L16_WD01_asinh_R18_128/best_modules_boost_0/asinh/best_modules_program_stats_bestsfalse_false.csv,interpretability_then_feature_importance
81,0.9522275705819212,0.9522275705819212,0.9482694952960763,0.9480908695231522,lr,L16_WD01_asinh_R18_128,false_false,asinh,patient,unigram,mean,BloodMNIST/L16_WD01_asinh_R18_128/best_modules_boost_0/asinh/best_modules_program_stats_bestsfalse_false.csv,interpretability_then_feature_importance
82,0.9522275705819212,0.9509900844862593,0.9482694952960763,0.9483309573570471,lr,L16_WD01_asinh_R18_128,false_false,asinh,patient,unigram,mean,BloodMNIST/L16_WD01_asinh_R18_128/best_modules_boost_0/asinh/best_modules_program_stats_bestsfalse_false.csv,interpretability_then_feature_importance
83,0.954051798069454,0.954051798069454,0.9505467721926975,0.9505467721926975,lr,L16_WD01_asinh_R18_128,false_false,asinh,patient,unigram,mean,BloodMNIST/L16_WD01_asinh_R18_128/best_modules_boost_0/asinh/best_modules_program_stats_bestsfalse_false.csv,interpretability_then_feature_importance
84,0.954051798069454,0.9523659362083516,0.9505467721926975,0.9492166014701059,lr,L16_WD01_asinh_R18_128,false_false,asinh,patient,unigram,mean,BloodMNIST/L16_WD01_asinh_R18_128/best_modules_boost_0/asinh/best_modules_program_stats_bestsfalse_false.csv,interpretability_then_feature_importance
85,0.954051798069454,0.9527969706911104,0.9505467721926975,0.9508673722749668,lr,L16_WD01_asinh_R18_128,false_false,asinh,patient,unigram,mean,BloodMNIST/L16_WD01_asinh_R18_128/best_modules_boost_0/asinh/best_modules_program_stats_bestsfalse_false.csv,interpretability_then_feature_importance
86,0.954051798069454,0.9537136617434142,0.9505467721926975,0.9508313214124765,lr,L16_WD01_asinh_R18_128,false_false,asinh,patient,unigram,mean,BloodMNIST/L16_WD01_asinh_R18_128/best_modules_boost_0/asinh/best_modules_program_stats_bestsfalse_false.csv,interpretability_then_feature_importance
87,0.954051798069454,0.9537136617434142,0.9505467721926975,0.9514491401375207,lr,L16_WD01_asinh_R18_128,false_false,asinh,patient,unigram,mean,BloodMNIST/L16_WD01_asinh_R18_128/best_modules_boost_0/asinh/best_modules_program_stats_bestsfalse_false.csv,interpretability_then_feature_importance
88,0.9609661839709087,0.9609661839709087,0.9523553733065055,0.9523553733065055,lr,L16_WD01_asinh_R18_128,false_false,asinh,patient,unigram,mean,BloodMNIST/L16_WD01_asinh_R18_128/best_modules_boost_0/asinh/best_modules_program_stats_bestsfalse_false.csv,interpretability_then_feature_importance
89,0.9609661839709087,0.9606211602978817,0.9523553733065055,0.9525796246869819,lr,L16_WD01_asinh_R18_128,false_false,asinh,patient,unigram,mean,BloodMNIST/L16_WD01_asinh_R18_128/best_modules_boost_0/asinh/best_modules_program_stats_bestsfalse_false.csv,interpretability_then_feature_importance
90,0.9613283506046272,0.9613283506046272,0.9553081949229817,0.9553081949229817,lr,L16_WD01_asinh_R18_128,false_false,asinh,patient,unigram,mean,BloodMNIST/L16_WD01_asinh_R18_128/best_modules_boost_0/asinh/best_modules_program_stats_bestsfalse_false.csv,interpretability_then_feature_importance
91,0.9613283506046272,0.9603612848190128,0.9553081949229817,0.9556171569368304,lr,L16_WD01_asinh_R18_128,false_false,asinh,patient,unigram,mean,BloodMNIST/L16_WD01_asinh_R18_128/best_modules_boost_0/asinh/best_modules_program_stats_bestsfalse_false.csv,interpretability_then_feature_importance
92,0.9613283506046272,0.9594992158534957,0.9553081949229817,0.9559517741388237,lr,L16_WD01_asinh_R18_128,false_false,asinh,patient,unigram,mean,BloodMNIST/L16_WD01_asinh_R18_128/best_modules_boost_0/asinh/best_modules_program_stats_bestsfalse_false.csv,interpretability_then_feature_importance
93,0.9616664451758975,0.9616664451758975,0.9561535608121656,0.9561535608121656,lr,L16_WD01_asinh_R18_128,false_false,asinh,patient,unigram,mean,BloodMNIST/L16_WD01_asinh_R18_128/best_modules_boost_0/asinh/best_modules_program_stats_bestsfalse_false.csv,interpretability_then_feature_importance
94,0.9616664451758975,0.9608599935629943,0.9561535608121656,0.9552810425360803,lr,L16_WD01_asinh_R18_128,false_false,asinh,patient,unigram,mean,BloodMNIST/L16_WD01_asinh_R18_128/best_modules_boost_0/asinh/best_modules_program_stats_bestsfalse_false.csv,interpretability_then_feature_importance
95,0.9616664451758975,0.9608599935629943,0.9561535608121656,0.9552793946442487,lr,L16_WD01_asinh_R18_128,false_false,asinh,patient,unigram,mean,BloodMNIST/L16_WD01_asinh_R18_128/best_modules_boost_0/asinh/best_modules_program_stats_bestsfalse_false.csv,interpretability_then_feature_importance
96,0.9618977924685858,0.9618977924685858,0.9553129022338733,0.9553129022338733,lr,L16_WD01_asinh_R18_128,false_false,asinh,patient,unigram,mean,BloodMNIST/L16_WD01_asinh_R18_128/best_modules_boost_0/asinh/best_modules_program_stats_bestsfalse_false.csv,interpretability_then_feature_importance
97,0.9627718765879424,0.9627718765879424,0.9562868259137669,0.9562868259137669,lr,L16_WD01_asinh_R18_128,false_false,asinh,patient,unigram,mean,BloodMNIST/L16_WD01_asinh_R18_128/best_modules_boost_0/asinh/best_modules_program_stats_bestsfalse_false.csv,interpretability_then_feature_importance
98,0.9627718765879424,0.9627718765879424,0.9562868259137669,0.9562868259137669,lr,L16_WD01_asinh_R18_128,false_false,asinh,patient,unigram,mean,BloodMNIST/L16_WD01_asinh_R18_128/best_modules_boost_0/asinh/best_modules_program_stats_bestsfalse_false.csv,interpretability_then_feature_importance
99,0.9627718765879424,0.9623408421051838,0.9562868259137669,0.9575543393768771,lr,L16_WD01_asinh_R18_128,false_false,asinh,patient,unigram,mean,BloodMNIST/L16_WD01_asinh_R18_128/best_modules_boost_0/asinh/best_modules_program_stats_bestsfalse_false.csv,interpretability_then_feature_importance
100,0.9627718765879424,0.9627718765879424,0.9562868259137669,0.9565706422538731,lr,L16_WD01_asinh_R18_128,false_false,asinh,patient,unigram,mean,BloodMNIST/L16_WD01_asinh_R18_128/best_modules_boost_0/asinh/best_modules_program_stats_bestsfalse_false.csv,interpretability_then_feature_importance
101,0.9627718765879424,0.9623712355623013,0.9562868259137669,0.9563547527892791,lr,L16_WD01_asinh_R18_128,false_false,asinh,patient,unigram,mean,BloodMNIST/L16_WD01_asinh_R18_128/best_modules_boost_0/asinh/best_modules_program_stats_bestsfalse_false.csv,interpretability_then_feature_importance
102,0.9628022700450599,0.9628022700450599,0.9563547527892791,0.9563547527892791,lr,L16_WD01_asinh_R18_128,false_false,asinh,patient,unigram,mean,BloodMNIST/L16_WD01_asinh_R18_128/best_modules_boost_0/asinh/best_modules_program_stats_bestsfalse_false.csv,interpretability_then_feature_importance
103,0.9640093626836043,0.9640093626836043,0.9594084922349955,0.9594084922349955,lr,L16_WD01_asinh_R18_128,false_false,asinh,patient,unigram,mean,BloodMNIST/L16_WD01_asinh_R18_128/best_modules_boost_0/asinh/best_modules_program_stats_bestsfalse_false.csv,interpretability_then_feature_importance
104,0.9644151732708665,0.9644151732708665,0.9587906735099513,0.9587906735099513,lr,L16_WD01_asinh_R18_128,false_false,asinh,patient,unigram,mean,BloodMNIST/L16_WD01_asinh_R18_128/best_modules_boost_0/asinh/best_modules_program_stats_bestsfalse_false.csv,interpretability_then_feature_importance
105,0.9648158142965075,0.9648158142965075,0.9586029858222637,0.9586029858222637,lr,L16_WD01_asinh_R18_128,false_false,asinh,patient,unigram,mean,BloodMNIST/L16_WD01_asinh_R18_128/best_modules_boost_0/asinh/best_modules_program_stats_bestsfalse_false.csv,interpretability_then_feature_importance
106,0.9648158142965075,0.9646653500066988,0.9586029858222637,0.9577410758557187,lr,L16_WD01_asinh_R18_128,false_false,asinh,patient,unigram,mean,BloodMNIST/L16_WD01_asinh_R18_128/best_modules_boost_0/asinh/best_modules_program_stats_bestsfalse_false.csv,interpretability_then_feature_importance
107,0.9656899401706334,0.9656899401706334,0.9592919509651586,0.9592919509651586,lr,L16_WD01_asinh_R18_128,false_false,asinh,patient,unigram,mean,BloodMNIST/L16_WD01_asinh_R18_128/best_modules_boost_0/asinh/best_modules_program_stats_bestsfalse_false.csv,interpretability_then_feature_importance
108,0.966120974653392,0.966120974653392,0.9598832158051281,0.9598832158051281,lr,L16_WD01_asinh_R18_128,false_false,asinh,patient,unigram,mean,BloodMNIST/L16_WD01_asinh_R18_128/best_modules_boost_0/asinh/best_modules_program_stats_bestsfalse_false.csv,interpretability_then_feature_importance
109,0.9665520091361506,0.9665520091361506,0.9599412672507726,0.9599412672507726,lr,L16_WD01_asinh_R18_128,false_false,asinh,patient,unigram,mean,BloodMNIST/L16_WD01_asinh_R18_128/best_modules_boost_0/asinh/best_modules_program_stats_bestsfalse_false.csv,interpretability_then_feature_importance
110,0.9665520091361506,0.9665520091361506,0.9599412672507726,0.9613395848982508,lr,L16_WD01_asinh_R18_128,false_false,asinh,patient,unigram,mean,BloodMNIST/L16_WD01_asinh_R18_128/best_modules_boost_0/asinh/best_modules_program_stats_bestsfalse_false.csv,interpretability_then_feature_importance
111,0.9675765993000849,0.9675765993000849,0.9607499679501128,0.9607499679501128,lr,L16_WD01_asinh_R18_128,false_false,asinh,patient,unigram,mean,BloodMNIST/L16_WD01_asinh_R18_128/best_modules_boost_0/asinh/best_modules_program_stats_bestsfalse_false.csv,interpretability_then_feature_importance
112,0.9675765993000849,0.9665520091361506,0.9607499679501128,0.9631353390188628,lr,L16_WD01_asinh_R18_128,false_false,asinh,patient,unigram,mean,BloodMNIST/L16_WD01_asinh_R18_128/best_modules_boost_0/asinh/best_modules_program_stats_bestsfalse_false.csv,interpretability_then_feature_importance
113,0.9675765993000849,0.9669830436189091,0.9607499679501128,0.9636198926423056,lr,L16_WD01_asinh_R18_128,false_false,asinh,patient,unigram,mean,BloodMNIST/L16_WD01_asinh_R18_128/best_modules_boost_0/asinh/best_modules_program_stats_bestsfalse_false.csv,interpretability_then_feature_importance
114,0.9675765993000849,0.9665520091361506,0.9607499679501128,0.9623668346774673,lr,L16_WD01_asinh_R18_128,false_false,asinh,patient,unigram,mean,BloodMNIST/L16_WD01_asinh_R18_128/best_modules_boost_0/asinh/best_modules_program_stats_bestsfalse_false.csv,interpretability_then_feature_importance
115,0.9675765993000849,0.9665520091361506,0.9607499679501128,0.9623668346774673,lr,L16_WD01_asinh_R18_128,false_false,asinh,patient,unigram,mean,BloodMNIST/L16_WD01_asinh_R18_128/best_modules_boost_0/asinh/best_modules_program_stats_bestsfalse_false.csv,interpretability_then_feature_importance
116,0.9675765993000849,0.9665520091361506,0.9607499679501128,0.9625827241420616,lr,L16_WD01_asinh_R18_128,false_false,asinh,patient,unigram,mean,BloodMNIST/L16_WD01_asinh_R18_128/best_modules_boost_0/asinh/best_modules_program_stats_bestsfalse_false.csv,interpretability_then_feature_importance
117,0.9675765993000849,0.9665520091361506,0.9607499679501128,0.9623668346774673,lr,L16_WD01_asinh_R18_128,false_false,asinh,patient,unigram,mean,BloodMNIST/L16_WD01_asinh_R18_128/best_modules_boost_0/asinh/best_modules_program_stats_bestsfalse_false.csv,interpretability_then_feature_importance
118,0.9675765993000849,0.9665520091361506,0.9607499679501128,0.9627986136066558,lr,L16_WD01_asinh_R18_128,false_false,asinh,patient,unigram,mean,BloodMNIST/L16_WD01_asinh_R18_128/best_modules_boost_0/asinh/best_modules_program_stats_bestsfalse_false.csv,interpretability_then_feature_importance
119,0.9675765993000849,0.9673584607490539,0.9607499679501128,0.9621589286763035,lr,L16_WD01_asinh_R18_128,false_false,asinh,patient,unigram,mean,BloodMNIST/L16_WD01_asinh_R18_128/best_modules_boost_0/asinh/best_modules_program_stats_bestsfalse_false.csv,interpretability_then_feature_importance
120,0.9677894952318125,0.9677894952318125,0.9619680467020073,0.9619680467020073,lr,L16_WD01_asinh_R18_128,false_false,asinh,patient,unigram,mean,BloodMNIST/L16_WD01_asinh_R18_128/best_modules_boost_0/asinh/best_modules_program_stats_bestsfalse_false.csv,interpretability_then_feature_importance
121,0.9677894952318125,0.9669274262662952,0.9619680467020073,0.9617239554605067,lr,L16_WD01_asinh_R18_128,false_false,asinh,patient,unigram,mean,BloodMNIST/L16_WD01_asinh_R18_128/best_modules_boost_0/asinh/best_modules_program_stats_bestsfalse_false.csv,interpretability_then_feature_importance
122,0.9677894952318125,0.9677774383232037,0.9619680467020073,0.9641765747572132,lr,L16_WD01_asinh_R18_128,false_false,asinh,patient,unigram,mean,BloodMNIST/L16_WD01_asinh_R18_128/best_modules_boost_0/asinh/best_modules_program_stats_bestsfalse_false.csv,interpretability_then_feature_importance
123,0.9677894952318125,0.9669153693576865,0.9619680467020073,0.9643203099849105,lr,L16_WD01_asinh_R18_128,false_false,asinh,patient,unigram,mean,BloodMNIST/L16_WD01_asinh_R18_128/best_modules_boost_0/asinh/best_modules_program_stats_bestsfalse_false.csv,interpretability_then_feature_importance
124,0.9677894952318125,0.9661089177447832,0.9619680467020073,0.9650506027416857,lr,L16_WD01_asinh_R18_128,false_false,asinh,patient,unigram,mean,BloodMNIST/L16_WD01_asinh_R18_128/best_modules_boost_0/asinh/best_modules_program_stats_bestsfalse_false.csv,interpretability_then_feature_importance
125,0.9677894952318125,0.9661089177447832,0.9619680467020073,0.9650506027416857,lr,L16_WD01_asinh_R18_128,false_false,asinh,patient,unigram,mean,BloodMNIST/L16_WD01_asinh_R18_128/best_modules_boost_0/asinh/best_modules_program_stats_bestsfalse_false.csv,interpretability_then_feature_importance
126,0.9677894952318125,0.966484334874928,0.9619680467020073,0.9648347132770915,lr,L16_WD01_asinh_R18_128,false_false,asinh,patient,unigram,mean,BloodMNIST/L16_WD01_asinh_R18_128/best_modules_boost_0/asinh/best_modules_program_stats_bestsfalse_false.csv,interpretability_then_feature_importance
127,0.9677894952318125,0.966484334874928,0.9619680467020073,0.9648347132770915,lr,L16_WD01_asinh_R18_128,false_false,asinh,patient,unigram,mean,BloodMNIST/L16_WD01_asinh_R18_128/best_modules_boost_0/asinh/best_modules_program_stats_bestsfalse_false.csv,interpretability_then_feature_importance
128,0.9677894952318125,0.966484334874928,0.9619680467020073,0.9653752101359653,lr,L16_WD01_asinh_R18_128,false_false,asinh,patient,unigram,mean,BloodMNIST/L16_WD01_asinh_R18_128/best_modules_boost_0/asinh/best_modules_program_stats_bestsfalse_false.csv,interpretability_then_feature_importance
