module_key,checkpoint_path,rf_importance,rf_importance_rank,mean_cs_unigram_avg_single,mean_doctor_unigram_avg_single,mean_patient_unigram_avg_single
1_6,BloodMNIST/L16_WD01_asinh_R18_128/1_6/L16_WD01_asinh_R18_128__12/checkpoint_0.pickle,0.0821702694262638,1,8.70669934640523,6.0,4.372549019607843
1_11,BloodMNIST/L16_WD01_asinh_R18_128/1_11/L16_WD01_asinh_R18_128__11/checkpoint_0.pickle,0.07402847771130912,2,8.444444444444445,5.564102564102564,4.076923076923077
1_4,BloodMNIST/L16_WD01_asinh_R18_128/1_4/L16_WD01_asinh_R18_128__3/checkpoint_0.pickle,0.0666817680931878,3,8.992063492063492,6.5,4.952380952380952
1_11,BloodMNIST/L16_WD01_asinh_R18_128/1_11/L16_WD01_asinh_R18_128__13/checkpoint_0.pickle,0.05221752180714048,4,8.98989898989899,6.666666666666668,4.797979797979798
1_14,BloodMNIST/L16_WD01_asinh_R18_128/1_14/L16_WD01_asinh_R18_128__10/checkpoint_0.pickle,0.05027401635009246,5,8.814814814814815,6.320987654320986,4.716049382716049
1_9,BloodMNIST/L16_WD01_asinh_R18_128/1_9/L16_WD01_asinh_R18_128__2/checkpoint_0.pickle,0.049121930753074014,6,8.586666666666668,5.595555555555555,4.173333333333333
1_14,BloodMNIST/L16_WD01_asinh_R18_128/1_14/L16_WD01_asinh_R18_128__3/checkpoint_0.pickle,0.04834968348114766,7,8.660493827160494,5.91358024691358,3.9444444444444446
1_6,BloodMNIST/L16_WD01_asinh_R18_128/1_6/L16_WD01_asinh_R18_128__4/checkpoint_0.pickle,0.03504044996252077,8,8.359477124183007,5.313725490196078,3.666666666666667
1_5,BloodMNIST/L16_WD01_asinh_R18_128/1_5/L16_WD01_asinh_R18_128__12/checkpoint_0.pickle,0.03404798695320786,9,8.797101449275363,6.048309178743962,4.676328502415459
1_3,BloodMNIST/L16_WD01_asinh_R18_128/1_3/L16_WD01_asinh_R18_128__3/checkpoint_0.pickle,0.03041160654309654,10,8.814814814814815,6.194444444444444,4.231481481481481
1_11,BloodMNIST/L16_WD01_asinh_R18_128/1_11/L16_WD01_asinh_R18_128__3/checkpoint_0.pickle,0.026854742350193618,11,8.75,6.097222222222221,3.8888888888888893
1_5,BloodMNIST/L16_WD01_asinh_R18_128/1_5/L16_WD01_asinh_R18_128__2/checkpoint_0.pickle,0.02546202254890964,12,8.373015873015872,5.92063492063492,4.396825396825397
1_4,BloodMNIST/L16_WD01_asinh_R18_128/1_4/L16_WD01_asinh_R18_128__1/checkpoint_0.pickle,0.022456747206136298,13,8.676767676767675,5.808080808080806,4.363636363636363
1_13,BloodMNIST/L16_WD01_asinh_R18_128/1_13/L16_WD01_asinh_R18_128__1/checkpoint_0.pickle,0.021448501476293666,14,8.425925925925924,5.583333333333333,3.962962962962962
1_13,BloodMNIST/L16_WD01_asinh_R18_128/1_13/L16_WD01_asinh_R18_128__4/checkpoint_0.pickle,0.021034467167730195,15,8.740740740740739,5.787037037037037,3.8518518518518516
1_6,BloodMNIST/L16_WD01_asinh_R18_128/1_6/L16_WD01_asinh_R18_128__11/checkpoint_0.pickle,0.02048729292029881,16,9.037037037037036,5.981481481481481,4.185185185185185
1_9,BloodMNIST/L16_WD01_asinh_R18_128/1_9/L16_WD01_asinh_R18_128__13/checkpoint_0.pickle,0.019224698175217315,17,8.249999999999998,5.648148148148149,4.064814814814814
1_14,BloodMNIST/L16_WD01_asinh_R18_128/1_14/L16_WD01_asinh_R18_128__12/checkpoint_0.pickle,0.01677534469714771,18,8.766666666666666,5.911111111111111,4.361111111111112
1_1,BloodMNIST/L16_WD01_asinh_R18_128/1_1/L16_WD01_asinh_R18_128__13/checkpoint_0.pickle,0.014655153619258813,19,8.965277777777777,6.104166666666666,4.631944444444444
1_4,BloodMNIST/L16_WD01_asinh_R18_128/1_4/L16_WD01_asinh_R18_128__13/checkpoint_0.pickle,0.014419863126523342,20,8.68888888888889,5.703703703703704,4.140740740740741
1_11,BloodMNIST/L16_WD01_asinh_R18_128/1_11/L16_WD01_asinh_R18_128__12/checkpoint_0.pickle,0.014234564524809297,21,9.094017094017095,6.811965811965812,5.068376068376068
1_3,BloodMNIST/L16_WD01_asinh_R18_128/1_3/L16_WD01_asinh_R18_128__13/checkpoint_0.pickle,0.013322781393844931,22,8.898989898989898,6.267676767676767,4.646464646464646
1_4,BloodMNIST/L16_WD01_asinh_R18_128/1_4/L16_WD01_asinh_R18_128__4/checkpoint_0.pickle,0.01303690555946515,23,8.674074074074074,6.022222222222222,4.288888888888889
1_16,BloodMNIST/L16_WD01_asinh_R18_128/1_16/L16_WD01_asinh_R18_128__2/checkpoint_0.pickle,0.012898449267163527,24,8.606837606837606,5.376068376068376,3.5897435897435908
1_5,BloodMNIST/L16_WD01_asinh_R18_128/1_5/L16_WD01_asinh_R18_128__13/checkpoint_0.pickle,0.011419509436044395,25,8.417989417989416,5.582010582010582,4.063492063492063
1_1,BloodMNIST/L16_WD01_asinh_R18_128/1_1/L16_WD01_asinh_R18_128__2/checkpoint_0.pickle,0.01111311111846114,26,8.935185185185185,6.5092592592592595,5.194444444444444
1_10,BloodMNIST/L16_WD01_asinh_R18_128/1_10/L16_WD01_asinh_R18_128__10/checkpoint_0.pickle,0.010318692324160226,27,8.94949494949495,6.333333333333332,4.818181818181818
1_10,BloodMNIST/L16_WD01_asinh_R18_128/1_10/L16_WD01_asinh_R18_128__11/checkpoint_0.pickle,0.010208422663536672,28,8.819444444444445,6.201388888888889,4.291666666666667
1_15,BloodMNIST/L16_WD01_asinh_R18_128/1_15/L16_WD01_asinh_R18_128__3/checkpoint_0.pickle,0.010068050699626746,29,9.006944444444445,6.777777777777778,5.17361111111111
1_11,BloodMNIST/L16_WD01_asinh_R18_128/1_11/L16_WD01_asinh_R18_128__4/checkpoint_0.pickle,0.006661120859858046,30,8.592592592592592,6.185185185185186,4.474074074074073
1_3,BloodMNIST/L16_WD01_asinh_R18_128/1_3/L16_WD01_asinh_R18_128__4/checkpoint_0.pickle,0.006549189863751854,31,8.767676767676768,6.414141414141414,5.1010101010101
1_9,BloodMNIST/L16_WD01_asinh_R18_128/1_9/L16_WD01_asinh_R18_128__11/checkpoint_0.pickle,0.006451719014149634,32,9.244444444444445,6.644444444444446,5.185185185185185
1_12,BloodMNIST/L16_WD01_asinh_R18_128/1_12/L16_WD01_asinh_R18_128__11/checkpoint_0.pickle,0.005885235712043036,33,8.608187134502923,5.654970760233918,3.87719298245614
1_15,BloodMNIST/L16_WD01_asinh_R18_128/1_15/L16_WD01_asinh_R18_128__13/checkpoint_0.pickle,0.005884217571222314,34,8.506944444444445,5.472222222222221,3.9791666666666674
1_16,BloodMNIST/L16_WD01_asinh_R18_128/1_16/L16_WD01_asinh_R18_128__3/checkpoint_0.pickle,0.005848891431652388,35,8.412698412698413,5.531746031746032,3.873015873015873
1_7,BloodMNIST/L16_WD01_asinh_R18_128/1_7/L16_WD01_asinh_R18_128__2/checkpoint_0.pickle,0.005583760660848425,36,8.645138888888889,5.738888888888889,4.0055555555555555
1_11,BloodMNIST/L16_WD01_asinh_R18_128/1_11/L16_WD01_asinh_R18_128__10/checkpoint_0.pickle,0.005446763380119897,37,8.370370370370372,5.5740740740740735,3.7777777777777772
1_14,BloodMNIST/L16_WD01_asinh_R18_128/1_14/L16_WD01_asinh_R18_128__13/checkpoint_0.pickle,0.0049919109702995365,38,8.694444444444443,6.388888888888888,4.986111111111112
1_3,BloodMNIST/L16_WD01_asinh_R18_128/1_3/L16_WD01_asinh_R18_128__12/checkpoint_0.pickle,0.004797739503182096,39,9.144444444444446,6.855555555555554,5.188888888888889
1_4,BloodMNIST/L16_WD01_asinh_R18_128/1_4/L16_WD01_asinh_R18_128__10/checkpoint_0.pickle,0.004771433112652355,40,8.185185185185185,5.2444444444444445,3.377777777777778
1_10,BloodMNIST/L16_WD01_asinh_R18_128/1_10/L16_WD01_asinh_R18_128__1/checkpoint_0.pickle,0.004595435725700351,41,8.918128654970761,6.315789473684211,4.590643274853801
1_2,BloodMNIST/L16_WD01_asinh_R18_128/1_2/L16_WD01_asinh_R18_128__4/checkpoint_0.pickle,0.004466525643214734,42,8.657828282828284,6.181818181818182,4.808080808080809
1_6,BloodMNIST/L16_WD01_asinh_R18_128/1_6/L16_WD01_asinh_R18_128__13/checkpoint_0.pickle,0.004402822189028457,43,8.530864197530866,6.0246913580246915,4.814814814814814
1_8,BloodMNIST/L16_WD01_asinh_R18_128/1_8/L16_WD01_asinh_R18_128__4/checkpoint_0.pickle,0.004372667254299074,44,8.660818713450292,6.140350877192983,4.76608187134503
1_5,BloodMNIST/L16_WD01_asinh_R18_128/1_5/L16_WD01_asinh_R18_128__4/checkpoint_0.pickle,0.004096979115534296,45,8.722222222222221,6.322222222222221,4.433333333333333
1_7,BloodMNIST/L16_WD01_asinh_R18_128/1_7/L16_WD01_asinh_R18_128__4/checkpoint_0.pickle,0.003929868685792514,46,8.6,6.007407407407408,4.548148148148147
1_3,BloodMNIST/L16_WD01_asinh_R18_128/1_3/L16_WD01_asinh_R18_128__10/checkpoint_0.pickle,0.003929569006418367,47,8.871794871794874,6.145299145299147,4.615384615384615
1_1,BloodMNIST/L16_WD01_asinh_R18_128/1_1/L16_WD01_asinh_R18_128__4/checkpoint_0.pickle,0.00392422228463897,48,8.393518518518519,5.740740740740742,4.155555555555555
1_10,BloodMNIST/L16_WD01_asinh_R18_128/1_10/L16_WD01_asinh_R18_128__2/checkpoint_0.pickle,0.0039153525089044424,49,8.766666666666666,6.144444444444444,4.677777777777777
1_6,BloodMNIST/L16_WD01_asinh_R18_128/1_6/L16_WD01_asinh_R18_128__2/checkpoint_0.pickle,0.00376300598186923,50,8.854700854700855,6.136752136752137,4.666666666666666
1_15,BloodMNIST/L16_WD01_asinh_R18_128/1_15/L16_WD01_asinh_R18_128__1/checkpoint_0.pickle,0.003504280436791556,51,8.421052631578947,5.4795321637426895,3.812865497076024
1_13,BloodMNIST/L16_WD01_asinh_R18_128/1_13/L16_WD01_asinh_R18_128__10/checkpoint_0.pickle,0.0028521032656266764,52,8.654320987654323,6.123456790123457,3.864197530864198
1_8,BloodMNIST/L16_WD01_asinh_R18_128/1_8/L16_WD01_asinh_R18_128__13/checkpoint_0.pickle,0.0027882227477617487,53,8.228070175438596,5.333333333333334,3.9356725146198825
1_10,BloodMNIST/L16_WD01_asinh_R18_128/1_10/L16_WD01_asinh_R18_128__3/checkpoint_0.pickle,0.0026886053314693044,54,8.583333333333332,5.625,4.027777777777778
1_13,BloodMNIST/L16_WD01_asinh_R18_128/1_13/L16_WD01_asinh_R18_128__13/checkpoint_0.pickle,0.0026809679016503098,55,8.555555555555557,5.830065359477125,4.183006535947713
1_4,BloodMNIST/L16_WD01_asinh_R18_128/1_4/L16_WD01_asinh_R18_128__12/checkpoint_0.pickle,0.0024000683067225232,56,9.070312499999998,6.513888888888889,5.090277777777778
1_5,BloodMNIST/L16_WD01_asinh_R18_128/1_5/L16_WD01_asinh_R18_128__10/checkpoint_0.pickle,0.0023422676178557673,57,8.816666666666666,6.205555555555556,4.7333333333333325
1_15,BloodMNIST/L16_WD01_asinh_R18_128/1_15/L16_WD01_asinh_R18_128__2/checkpoint_0.pickle,0.0022913539669969173,58,8.265432098765432,5.450617283950617,3.9567901234567904
1_9,BloodMNIST/L16_WD01_asinh_R18_128/1_9/L16_WD01_asinh_R18_128__12/checkpoint_0.pickle,0.002193779950256007,59,8.49074074074074,6.055555555555556,4.62962962962963
1_16,BloodMNIST/L16_WD01_asinh_R18_128/1_16/L16_WD01_asinh_R18_128__13/checkpoint_0.pickle,0.0021524913588007967,60,8.75,5.8055555555555545,3.861111111111111
1_12,BloodMNIST/L16_WD01_asinh_R18_128/1_12/L16_WD01_asinh_R18_128__10/checkpoint_0.pickle,0.002142307233768402,61,8.444444444444445,5.185185185185186,3.5555555555555554
1_10,BloodMNIST/L16_WD01_asinh_R18_128/1_10/L16_WD01_asinh_R18_128__13/checkpoint_0.pickle,0.001748093733528617,62,9.185185185185185,6.777777777777779,5.083333333333335
1_7,BloodMNIST/L16_WD01_asinh_R18_128/1_7/L16_WD01_asinh_R18_128__12/checkpoint_0.pickle,0.0017434784034555367,63,8.592592592592593,5.820987654320987,4.41358024691358
1_6,BloodMNIST/L16_WD01_asinh_R18_128/1_6/L16_WD01_asinh_R18_128__10/checkpoint_0.pickle,0.0017206147939022474,64,8.909090909090908,6.646464646464647,5.181818181818181
1_13,BloodMNIST/L16_WD01_asinh_R18_128/1_13/L16_WD01_asinh_R18_128__12/checkpoint_0.pickle,0.0016217005885540137,65,8.512820512820513,5.153846153846154,2.752136752136752
1_14,BloodMNIST/L16_WD01_asinh_R18_128/1_14/L16_WD01_asinh_R18_128__4/checkpoint_0.pickle,0.0015781612351424429,66,8.742424242424242,5.863636363636363,4.01010101010101
1_8,BloodMNIST/L16_WD01_asinh_R18_128/1_8/L16_WD01_asinh_R18_128__3/checkpoint_0.pickle,0.0014856172153175683,67,7.847222222222222,4.47008547008547,2.64957264957265
1_16,BloodMNIST/L16_WD01_asinh_R18_128/1_16/L16_WD01_asinh_R18_128__1/checkpoint_0.pickle,0.0014787772151204802,68,8.333333333333334,5.427350427350428,3.7948717948717947
1_5,BloodMNIST/L16_WD01_asinh_R18_128/1_5/L16_WD01_asinh_R18_128__11/checkpoint_0.pickle,0.0014169008622688197,69,8.625730994152049,5.859649122807016,4.116959064327485
1_5,BloodMNIST/L16_WD01_asinh_R18_128/1_5/L16_WD01_asinh_R18_128__1/checkpoint_0.pickle,0.0013977435902481977,70,8.2020202020202,5.262626262626262,3.505050505050505
1_14,BloodMNIST/L16_WD01_asinh_R18_128/1_14/L16_WD01_asinh_R18_128__2/checkpoint_0.pickle,0.0013969622167376544,71,8.314814814814817,5.393518518518518,3.671296296296296
1_7,BloodMNIST/L16_WD01_asinh_R18_128/1_7/L16_WD01_asinh_R18_128__13/checkpoint_0.pickle,0.0013277556937656507,72,8.5,5.703703703703703,3.6666666666666674
1_16,BloodMNIST/L16_WD01_asinh_R18_128/1_16/L16_WD01_asinh_R18_128__12/checkpoint_0.pickle,0.0012215883848698628,73,8.367521367521368,5.316239316239317,3.8888888888888897
1_13,BloodMNIST/L16_WD01_asinh_R18_128/1_13/L16_WD01_asinh_R18_128__3/checkpoint_0.pickle,0.001158061988349706,74,8.251851851851852,5.17037037037037,3.503703703703704
1_9,BloodMNIST/L16_WD01_asinh_R18_128/1_9/L16_WD01_asinh_R18_128__3/checkpoint_0.pickle,0.0011317469804834354,75,8.555555555555555,5.45925925925926,3.518518518518519
1_7,BloodMNIST/L16_WD01_asinh_R18_128/1_7/L16_WD01_asinh_R18_128__10/checkpoint_0.pickle,0.0009254976099515408,76,8.34126984126984,5.317460317460317,3.4682539682539684
1_8,BloodMNIST/L16_WD01_asinh_R18_128/1_8/L16_WD01_asinh_R18_128__10/checkpoint_0.pickle,0.000872426889368461,77,8.873015873015873,5.857142857142856,3.555555555555556
1_8,BloodMNIST/L16_WD01_asinh_R18_128/1_8/L16_WD01_asinh_R18_128__1/checkpoint_0.pickle,0.0008678856220154876,78,8.528935185185185,5.407407407407407,3.1666666666666665
1_8,BloodMNIST/L16_WD01_asinh_R18_128/1_8/L16_WD01_asinh_R18_128__12/checkpoint_0.pickle,0.0007504171993980161,79,8.575231481481481,5.6759259259259265,4.000000000000001
1_11,BloodMNIST/L16_WD01_asinh_R18_128/1_11/L16_WD01_asinh_R18_128__2/checkpoint_0.pickle,0.0007063917610768708,80,8.158730158730158,5.19047619047619,3.2063492063492065
1_11,BloodMNIST/L16_WD01_asinh_R18_128/1_11/L16_WD01_asinh_R18_128__1/checkpoint_0.pickle,0.0006933239805057817,81,8.777777777777779,5.5555555555555545,3.5555555555555554
1_2,BloodMNIST/L16_WD01_asinh_R18_128/1_2/L16_WD01_asinh_R18_128__13/checkpoint_0.pickle,0.0006324527244965913,82,8.766666666666667,6.711111111111111,5.422222222222222
1_1,BloodMNIST/L16_WD01_asinh_R18_128/1_1/L16_WD01_asinh_R18_128__11/checkpoint_0.pickle,0.0006138965355085542,83,8.606837606837606,5.88034188034188,4.401709401709401
1_9,BloodMNIST/L16_WD01_asinh_R18_128/1_9/L16_WD01_asinh_R18_128__4/checkpoint_0.pickle,0.0005868107947239313,84,8.549382716049383,5.895061728395062,4.141975308641975
1_1,BloodMNIST/L16_WD01_asinh_R18_128/1_1/L16_WD01_asinh_R18_128__12/checkpoint_0.pickle,0.0005583443172285945,85,8.543209876543209,5.333333333333334,3.5679012345679015
1_15,BloodMNIST/L16_WD01_asinh_R18_128/1_15/L16_WD01_asinh_R18_128__12/checkpoint_0.pickle,0.0005352902791213839,86,8.603174603174603,5.777777777777778,4.2063492063492065
1_6,BloodMNIST/L16_WD01_asinh_R18_128/1_6/L16_WD01_asinh_R18_128__3/checkpoint_0.pickle,0.0004627888833683189,87,8.655555555555555,5.5,3.077777777777778
1_8,BloodMNIST/L16_WD01_asinh_R18_128/1_8/L16_WD01_asinh_R18_128__11/checkpoint_0.pickle,0.00044404374229682533,88,8.804012345679011,5.864197530864198,4.185185185185185
1_1,BloodMNIST/L16_WD01_asinh_R18_128/1_1/L16_WD01_asinh_R18_128__10/checkpoint_0.pickle,0.00041643320410372927,89,9.11111111111111,6.277777777777778,4.4222222222222225
1_3,BloodMNIST/L16_WD01_asinh_R18_128/1_3/L16_WD01_asinh_R18_128__2/checkpoint_0.pickle,0.00040990078550290213,90,8.907407407407408,6.37037037037037,4.490740740740741
1_15,BloodMNIST/L16_WD01_asinh_R18_128/1_15/L16_WD01_asinh_R18_128__10/checkpoint_0.pickle,0.00036703777959195345,91,8.282407407407408,5.637037037037037,4.125925925925926
1_15,BloodMNIST/L16_WD01_asinh_R18_128/1_15/L16_WD01_asinh_R18_128__11/checkpoint_0.pickle,0.000344552866322054,92,8.762962962962964,5.82962962962963,3.8962962962962964
1_7,BloodMNIST/L16_WD01_asinh_R18_128/1_7/L16_WD01_asinh_R18_128__1/checkpoint_0.pickle,0.0003397867431191311,93,9.037037037037038,6.65432098765432,5.074074074074074
1_2,BloodMNIST/L16_WD01_asinh_R18_128/1_2/L16_WD01_asinh_R18_128__10/checkpoint_0.pickle,0.0003335245026515473,94,9.151515151515152,6.717171717171717,4.666666666666667
1_16,BloodMNIST/L16_WD01_asinh_R18_128/1_16/L16_WD01_asinh_R18_128__11/checkpoint_0.pickle,0.00033008934771798704,95,8.118055555555555,5.104938271604938,3.432098765432099
1_13,BloodMNIST/L16_WD01_asinh_R18_128/1_13/L16_WD01_asinh_R18_128__2/checkpoint_0.pickle,0.0003202614669437963,96,8.426900584795323,5.403508771929825,3.6900584795321634
1_9,BloodMNIST/L16_WD01_asinh_R18_128/1_9/L16_WD01_asinh_R18_128__10/checkpoint_0.pickle,0.0002912505576003738,97,8.871794871794872,6.470085470085469,4.837606837606837
1_12,BloodMNIST/L16_WD01_asinh_R18_128/1_12/L16_WD01_asinh_R18_128__12/checkpoint_0.pickle,0.0002906065142750044,98,8.555555555555557,5.699346405228758,3.6143790849673203
1_12,BloodMNIST/L16_WD01_asinh_R18_128/1_12/L16_WD01_asinh_R18_128__3/checkpoint_0.pickle,0.0002857756689765496,99,9.317460317460318,7.634920634920634,6.079365079365078
1_7,BloodMNIST/L16_WD01_asinh_R18_128/1_7/L16_WD01_asinh_R18_128__3/checkpoint_0.pickle,0.00024001124807568441,100,8.847222222222221,6.73611111111111,5.083333333333334
1_2,BloodMNIST/L16_WD01_asinh_R18_128/1_2/L16_WD01_asinh_R18_128__1/checkpoint_0.pickle,0.00023874541531193865,101,8.765432098765432,6.1234567901234565,4.37037037037037
1_12,BloodMNIST/L16_WD01_asinh_R18_128/1_12/L16_WD01_asinh_R18_128__2/checkpoint_0.pickle,0.00022868295557139126,102,9.155555555555555,6.666666666666666,4.288888888888889
1_15,BloodMNIST/L16_WD01_asinh_R18_128/1_15/L16_WD01_asinh_R18_128__4/checkpoint_0.pickle,0.00020514657895065677,103,8.722222222222223,6.1,4.655555555555556
1_13,BloodMNIST/L16_WD01_asinh_R18_128/1_13/L16_WD01_asinh_R18_128__11/checkpoint_0.pickle,0.00020240768986758628,104,8.347222222222221,4.987654320987654,3.2222222222222223
1_3,BloodMNIST/L16_WD01_asinh_R18_128/1_3/L16_WD01_asinh_R18_128__11/checkpoint_0.pickle,0.00019132208285306117,105,8.555555555555555,5.811965811965811,4.205128205128205
1_2,BloodMNIST/L16_WD01_asinh_R18_128/1_2/L16_WD01_asinh_R18_128__3/checkpoint_0.pickle,0.0001758550248357911,106,8.968253968253967,6.222222222222222,4.174603174603175
1_14,BloodMNIST/L16_WD01_asinh_R18_128/1_14/L16_WD01_asinh_R18_128__11/checkpoint_0.pickle,0.00016716367192653775,107,8.67857142857143,5.615079365079365,4.027777777777778
1_4,BloodMNIST/L16_WD01_asinh_R18_128/1_4/L16_WD01_asinh_R18_128__11/checkpoint_0.pickle,0.00015763986957684475,108,8.666666666666666,5.746031746031746,3.8730158730158735
1_1,BloodMNIST/L16_WD01_asinh_R18_128/1_1/L16_WD01_asinh_R18_128__1/checkpoint_0.pickle,0.0001529924702250584,109,8.644444444444444,5.71111111111111,3.4333333333333336
1_8,BloodMNIST/L16_WD01_asinh_R18_128/1_8/L16_WD01_asinh_R18_128__2/checkpoint_0.pickle,0.00014241436899293505,110,8.083333333333334,4.513888888888888,2.3055555555555554
1_6,BloodMNIST/L16_WD01_asinh_R18_128/1_6/L16_WD01_asinh_R18_128__1/checkpoint_0.pickle,0.00013566259218166245,111,8.403645833333332,5.472222222222222,3.694444444444444
1_1,BloodMNIST/L16_WD01_asinh_R18_128/1_1/L16_WD01_asinh_R18_128__3/checkpoint_0.pickle,0.0001318795555133391,112,8.688888888888888,5.755555555555555,3.6333333333333337
1_4,BloodMNIST/L16_WD01_asinh_R18_128/1_4/L16_WD01_asinh_R18_128__2/checkpoint_0.pickle,0.00011885913366735763,113,9.037037037037036,6.351851851851851,4.666666666666667
1_12,BloodMNIST/L16_WD01_asinh_R18_128/1_12/L16_WD01_asinh_R18_128__1/checkpoint_0.pickle,9.0193871803542e-05,114,8.866666666666667,6.044444444444444,4.122222222222222
1_2,BloodMNIST/L16_WD01_asinh_R18_128/1_2/L16_WD01_asinh_R18_128__2/checkpoint_0.pickle,8.552244229209376e-05,115,8.73611111111111,6.291666666666666,4.736111111111112
1_7,BloodMNIST/L16_WD01_asinh_R18_128/1_7/L16_WD01_asinh_R18_128__11/checkpoint_0.pickle,7.380579612785517e-05,116,8.638888888888888,5.481481481481482,3.861111111111112
1_12,BloodMNIST/L16_WD01_asinh_R18_128/1_12/L16_WD01_asinh_R18_128__4/checkpoint_0.pickle,5.8689478819665564e-05,117,8.37037037037037,5.388888888888889,3.3518518518518525
1_2,BloodMNIST/L16_WD01_asinh_R18_128/1_2/L16_WD01_asinh_R18_128__11/checkpoint_0.pickle,5.838030529567883e-05,118,8.737373737373737,5.848484848484848,3.9797979797979797
1_12,BloodMNIST/L16_WD01_asinh_R18_128/1_12/L16_WD01_asinh_R18_128__13/checkpoint_0.pickle,5.6394938873279546e-05,119,8.488888888888889,5.844444444444444,4.188888888888889
1_5,BloodMNIST/L16_WD01_asinh_R18_128/1_5/L16_WD01_asinh_R18_128__3/checkpoint_0.pickle,5.051116888509981e-05,120,8.649305555555555,5.87962962962963,4.203703703703704
1_2,BloodMNIST/L16_WD01_asinh_R18_128/1_2/L16_WD01_asinh_R18_128__12/checkpoint_0.pickle,4.259586658153396e-05,121,8.569444444444445,6.263888888888889,4.694444444444445
1_16,BloodMNIST/L16_WD01_asinh_R18_128/1_16/L16_WD01_asinh_R18_128__4/checkpoint_0.pickle,3.385277349862145e-05,122,8.575231481481483,6.138888888888888,3.9166666666666665
1_14,BloodMNIST/L16_WD01_asinh_R18_128/1_14/L16_WD01_asinh_R18_128__1/checkpoint_0.pickle,3.0011507451171237e-05,123,8.370370370370372,5.506172839506172,3.3950617283950617
1_10,BloodMNIST/L16_WD01_asinh_R18_128/1_10/L16_WD01_asinh_R18_128__12/checkpoint_0.pickle,1.2233782605312238e-05,124,8.760683760683762,5.854700854700855,3.8205128205128203
1_9,BloodMNIST/L16_WD01_asinh_R18_128/1_9/L16_WD01_asinh_R18_128__1/checkpoint_0.pickle,1.1923890785123676e-05,125,8.087301587301585,4.4682539682539675,2.444444444444445
1_10,BloodMNIST/L16_WD01_asinh_R18_128/1_10/L16_WD01_asinh_R18_128__4/checkpoint_0.pickle,9.276608718562913e-06,126,8.762962962962964,6.037037037037037,4.155555555555556
1_16,BloodMNIST/L16_WD01_asinh_R18_128/1_16/L16_WD01_asinh_R18_128__10/checkpoint_0.pickle,3.922284361087742e-06,127,8.836601307189543,5.921568627450982,4.352941176470587
1_3,BloodMNIST/L16_WD01_asinh_R18_128/1_3/L16_WD01_asinh_R18_128__1/checkpoint_0.pickle,0.0,128,8.647058823529411,5.849673202614379,3.8692810457516336
